,FarmID,Target,rmse,wmape,r2,mae
0,AG10,Tiny+Small_+1,54.06181994880514,0.9102513505192152,-0.5956549494022021,36.74638418079096
1,AG10,Tiny+Small_+2,63.24346087692504,1.0925578196923769,-1.1800013382027474,43.98378531073446
2,AG10,Tiny+Small_+3,59.41644105392147,1.00669727475675,-0.9231331973855463,40.50847457627118
3,AG10,Tiny+Small_+4,64.16338004643343,1.1344823715925192,-1.2450664125986712,45.685028248587564
4,AG10,Tiny+Small_+5,59.949425562180366,1.0315417909820566,-0.9628648257330727,41.60610169491525
5,AG10,Tiny+Small_+6,46.809018860731655,0.7681257298833594,-0.20359413459356612,30.84350282485876
6,AG10,Large+Mature_+1,45.90818409860749,0.7544659174864875,-0.672947063232554,32.8857627118644
7,AG10,Large+Mature_+2,55.75422408055607,0.9400007767895289,-1.47111530021192,41.020677966101694
8,AG10,Large+Mature_+3,49.83133983126012,0.846003853265578,-0.9763082373339176,36.96463276836158
9,AG10,Large+Mature_+4,53.31374771027876,0.8973706991227052,-1.2628814818375749,39.23943502824859
10,AG10,Large+Mature_+5,49.32491625401061,0.8444125370276948,-0.9356543535137472,36.88079096045198
11,AG10,Large+Mature_+6,38.3155441405599,0.637100318574865,-0.16924721432357526,27.68146892655367
12,AG11,Tiny+Small_+1,51.715416385272114,0.8738769112471535,-0.5897419253771536,33.38802259887006
13,AG11,Tiny+Small_+2,61.527067979564556,1.078655880522713,-1.247963019640534,41.13152542372881
14,AG11,Tiny+Small_+3,59.03050274423629,1.0749855626138332,-1.070854333267253,41.01525423728813
15,AG11,Tiny+Small_+4,62.5760789840411,1.1078712541620421,-1.3293679735064963,42.29627118644068
16,AG11,Tiny+Small_+5,55.47984296587267,0.9441710055923932,-0.8290963203860207,35.96011299435028
17,AG11,Tiny+Small_+6,40.94576726444167,0.6857048659503364,-0.01593329387831277,25.851073446327682
18,AG11,Large+Mature_+1,41.659922595452976,0.7300702155453951,-0.33422352127517785,30.311525423728813
19,AG11,Large+Mature_+2,53.52128552049622,0.9448170814633483,-1.204554453651503,39.24994350282486
20,AG11,Large+Mature_+3,52.16468227846122,0.9676090237832986,-1.094439321699209,40.20169491525424
21,AG11,Large+Mature_+4,54.06780262413701,0.9637244099843569,-1.2501650947577674,40.02723163841808
22,AG11,Large+Mature_+5,44.832346617163665,0.8072815533980583,-0.5741165571676896,33.260000000000005
23,AG11,Large+Mature_+6,28.859453568348336,0.5169759734879867,0.3448205698335819,21.152203389830508
24,DA4,Tiny+Small_+1,48.88253390043633,1.1725107404599444,-0.6616187224846433,20.970056497175143
25,DA4,Tiny+Small_+2,54.66141613892397,1.4597070949480033,-1.001380625622284,26.80418079096045
26,DA4,Tiny+Small_+3,54.77117181300985,1.493096539162113,-0.9974974489746895,27.78677966101695
27,DA4,Tiny+Small_+4,55.03671457341709,1.4894656952034002,-1.016913019905982,27.719209039548023
28,DA4,Tiny+Small_+5,51.48383451698703,1.2743198206386717,-0.7659792110485901,23.76282485875706
29,DA4,Tiny+Small_+6,43.04418852441113,1.040119760479042,-0.23442947141880177,19.43084745762712
30,DA4,Large+Mature_+1,30.93751980729454,1.0993536235606352,-0.5938513146200459,14.50960451977401
31,DA4,Large+Mature_+2,35.420551132939835,1.388824662813102,-1.0889363012202797,18.325423728813558
32,DA4,Large+Mature_+3,35.475777524396165,1.4361374711464479,-1.0966792980438065,18.98135593220339
33,DA4,Large+Mature_+4,35.054255768132165,1.3983397190293743,-1.0487212997040376,18.557627118644067
34,DA4,Large+Mature_+5,32.6564912666008,1.2266001449831565,-0.7782301226868349,16.251412429378533
35,DA4,Large+Mature_+6,29.081467166909544,1.070179959627196,-0.41324383177003576,14.077401129943505
36,SP23,Tiny+Small_+1,90.10374588696885,1.0297016383395121,-0.8313974179808921,47.804334874165384
37,SP23,Tiny+Small_+2,99.63520512980902,1.263485729676885,-1.237095161911843,58.54650231124808
38,SP23,Tiny+Small_+3,102.13129808805421,1.2825261364052418,-1.3489637867706472,59.37226502311249
39,SP23,Tiny+Small_+4,99.70126228584,1.2476554439391163,-1.2367327874281675,57.69877760657421
40,SP23,Tiny+Small_+5,90.8128543846412,1.0622982947963744,-0.8570457955663895,49.22042116076015
41,SP23,Tiny+Small_+6,63.78098444723727,0.761065278041027,0.08401489926662076,35.26570107858244
42,SP23,Large+Mature_+1,46.73250029613925,0.8071618974210746,-0.5267878499671246,28.398418079096043
43,SP23,Large+Mature_+2,57.683063401086805,1.1081252081252082,-1.3244579990653498,38.968443759630205
44,SP23,Large+Mature_+3,59.40413587098188,1.196499522821395,-1.4674108119360891,42.11272727272727
45,SP23,Large+Mature_+4,57.72069760979471,1.1574630156991603,-1.3299713582261354,40.707385721623005
46,SP23,Large+Mature_+5,49.91046616460682,0.9435149048386765,-0.7541652146176587,33.00383153569594
47,SP23,Large+Mature_+6,36.58227691216156,0.6925664171957578,0.04890311007186687,24.068443759630203
48,GA20,Tiny+Small_+1,47.898786256931906,0.8091258681053779,-0.04623405266401415,26.009963099630994
49,GA20,Tiny+Small_+2,56.030849253430745,0.9653242948239215,-0.4309813798635007,31.002583025830262
50,GA20,Tiny+Small_+3,52.00239501927654,0.9252786395495806,-0.23256734695970271,29.714760147601474
51,GA20,Tiny+Small_+4,55.364134642149395,0.9707960199004975,-0.3979226555643578,31.20159901599016
52,GA20,Tiny+Small_+5,48.96897587867227,0.884443425427032,-0.09423064704966921,28.468634686346864
53,GA20,Tiny+Small_+6,47.73881593572959,0.8069115459434718,-0.039844531896295665,26.020664206642067
54,GA20,Large+Mature_+1,25.38084732281624,0.7299444262830991,-0.45709502257309165,16.478966789667897
55,GA20,Large+Mature_+2,31.22241956342964,0.9112311132929689,-1.2013833778233751,20.548093480934806
56,GA20,Large+Mature_+3,29.10067230737612,0.8847402065235208,-0.9121861115388281,19.918081180811807
57,GA20,Large+Mature_+4,29.893457661971958,0.8712218385134023,-1.028965986764132,19.54944649446494
58,GA20,Large+Mature_+5,27.901282225293844,0.8444830630034206,-0.7934870481275709,18.82792127921279
59,GA20,Large+Mature_+6,25.090104536120535,0.7409912926992632,-0.511140831663309,16.329151291512915
60,GA45,Tiny+Small_+1,159.36044007176145,1.0494186809437578,-0.851810838936699,89.65470852017937
61,GA45,Tiny+Small_+2,180.4987946406194,1.3425905703727647,-1.3766193657037915,114.86173393124066
62,GA45,Tiny+Small_+3,179.91714901266096,1.4220049390472702,-1.3632049054381659,121.79185351270554
63,GA45,Tiny+Small_+4,177.22073514018416,1.357421173833478,-1.288032042858613,115.86472346786249
64,GA45,Tiny+Small_+5,150.82901537312213,1.0583760346866378,-0.6567924113925501,90.3060538116592
65,GA45,Tiny+Small_+6,124.57323736406718,0.7555075935040665,-0.1291572293851917,64.35874439461884
66,GA45,Large+Mature_+1,42.384557006600176,0.7843576737053203,0.05506491127825641,29.816143497757846
67,GA45,Large+Mature_+2,58.47881495639711,1.1193947730398897,-0.8000596839186802,42.57548579970104
68,GA45,Large+Mature_+3,62.83502929756704,1.26248821866164,-1.079776307592546,48.053811659192824
69,GA45,Large+Mature_+4,62.97417040751864,1.1857833313686197,-1.0884275070950213,45.10762331838565
70,GA45,Large+Mature_+5,55.494649099930925,0.9560316336166195,-0.6209964529789094,36.32062780269058
71,GA45,Large+Mature_+6,53.05711473512241,0.8196071470831854,-0.4809240493814382,31.06053811659193
72,SP22,Tiny+Small_+1,27.787672521930414,0.827988969864093,-0.5669484958332225,19.552093023255814
73,SP22,Tiny+Small_+2,30.6327610004653,0.9577586206896551,-0.905387095162347,22.73674418604651
74,SP22,Tiny+Small_+3,29.92425321094176,0.9366529974614334,-0.8219401701548432,22.309767441860465
75,SP22,Tiny+Small_+4,32.57124427295298,1.0206963625753744,-1.1657883635937258,24.406511627906976
76,SP22,Tiny+Small_+5,30.103820355562846,0.9096936797208219,-0.8551416767760163,21.824186046511628
77,SP22,Tiny+Small_+6,26.33948314020272,0.754701679860977,-0.41540748786516346,18.17953488372093
78,SP22,Large+Mature_+1,20.36012950314936,0.71349816633148,-0.051129441128757724,14.026046511627909
79,SP22,Large+Mature_+2,25.2897483085349,0.9328118209474141,-0.6206378469716356,18.302635658914728
80,SP22,Large+Mature_+3,26.959919528476195,0.9975384858918042,-0.8450816867422202,19.54015503875969
81,SP22,Large+Mature_+4,28.309731346109395,1.053196266099492,-1.0264576530530927,20.728372093023257
82,SP22,Large+Mature_+5,27.234503689519848,0.9641710603397775,-0.8577742806670792,19.137674418604654
83,SP22,Large+Mature_+6,26.446389631626534,0.9170652047124693,-0.7397889100076507,18.28372093023256
84,DA5,Tiny+Small_+1,47.261529601067274,0.9447861745752782,-0.5230966845511864,30.004651162790697
85,DA5,Tiny+Small_+2,59.485631937273254,1.3322715289982425,-1.412882009881928,42.31046511627907
86,DA5,Tiny+Small_+3,62.43208519365589,1.4246304697790135,-1.6603020783667293,45.276744186046514
87,DA5,Tiny+Small_+4,58.507741487374886,1.2960983822560574,-1.3353699275077635,41.17674418604651
88,DA5,Tiny+Small_+5,49.42472547594061,0.9969160731331228,-0.6622887802182953,31.574418604651164
89,DA5,Tiny+Small_+6,43.015133897107034,0.7860841902789081,-0.2623392143219778,24.71046511627907
90,DA5,Large+Mature_+1,19.04761475636718,0.7861507128309573,-0.2911289277993008,13.465116279069768
91,DA5,Large+Mature_+2,25.548881557461755,1.1296724208237052,-1.3194940748962996,19.327906976744185
92,DA5,Large+Mature_+3,26.910467402368795,1.2443500890289,-1.5755876443318817,21.127906976744185
93,DA5,Large+Mature_+4,25.564987867221113,1.1509486220745049,-1.362347543876543,19.327906976744185
94,DA5,Large+Mature_+5,20.600321740544576,0.9110425143819278,-0.586088820843792,15.1
95,DA5,Large+Mature_+6,18.474904411748817,0.8118241819969105,-0.28115601379554134,13.444186046511629
96,DA2,Tiny+Small_+1,30.062794483373178,0.7148753894080997,-0.6673710776949917,21.44626168224299
97,DA2,Tiny+Small_+2,32.33657689996696,0.7542069180430041,-0.9279343314858908,22.619158878504674
98,DA2,Tiny+Small_+3,28.190471562495862,0.6662505851146825,-0.46241217173036175,19.953271028037385
99,DA2,Tiny+Small_+4,30.51189058858398,0.7331557505484174,-0.7089078207040056,21.864485981308412
100,DA2,Tiny+Small_+5,30.570815598461554,0.7207419633734182,-0.7136919193546567,21.425233644859812
101,DA2,Tiny+Small_+6,25.20374916480913,0.5777550538818532,-0.16427340520916944,17.161214953271028
102,DA2,Large+Mature_+1,23.60682372044626,0.5203306029075345,-0.13906002469854273,16.47429906542056
103,DA2,Large+Mature_+2,30.294485325245176,0.686697826248238,-0.8648527971124864,21.626168224299064
104,DA2,Large+Mature_+3,29.68200822298809,0.6998435521120465,-0.7793976158888349,21.94859813084112
105,DA2,Large+Mature_+4,28.224690920718572,0.6562289310060678,-0.6002681222127328,20.46728971962617
106,DA2,Large+Mature_+5,26.623631551862825,0.6203236733157697,-0.4144211773429949,19.25467289719626
107,DA2,Large+Mature_+6,24.026489470201057,0.5350950253653366,-0.1448914273026629,16.511682242990656
108,SP36,Tiny+Small_+1,22.86817440966238,0.8180761406567859,-0.5519968459283349,15.346573208722743
109,SP36,Tiny+Small_+2,24.48322851897513,0.8915379864113651,-0.7811347830302084,16.86214953271028
110,SP36,Tiny+Small_+3,23.828079829681577,0.8356231003039514,-0.6413585707841529,16.05841121495327
111,SP36,Tiny+Small_+4,26.034307682972326,0.9206330459430732,-0.7228271655838576,18.212616822429908
112,SP36,Tiny+Small_+5,25.59476567804883,0.8585484431068411,-0.584180433683299,17.32943925233645
113,SP36,Tiny+Small_+6,22.110318256786968,0.772225405921681,-0.16833467739710262,15.74221183800623
114,SP36,Large+Mature_+1,19.58524009740236,0.6480707203440449,-0.4636746072546487,12.675233644859814
115,SP36,Large+Mature_+2,21.84834490833676,0.7537649709474683,-0.8077495831786567,14.851635514018692
116,SP36,Large+Mature_+3,21.685305680959065,0.742335251967579,-0.7653666385198601,14.76518691588785
117,SP36,Large+Mature_+4,23.270529073583308,0.8240187463386057,-1.0395258135985341,16.432242990654206
118,SP36,Large+Mature_+5,23.096227996440273,0.8183307971438605,-1.0116224708954196,16.33411214953271
119,SP36,Large+Mature_+6,20.945453748016067,0.7446522501461134,-0.6593162308155749,14.884345794392523
120,SP37,Tiny+Small_+1,33.74666797662635,0.8826377058489495,-0.6024505654403804,22.1650623885918
121,SP37,Tiny+Small_+2,39.732282194281424,1.104491925816233,-1.2230716535284327,27.91942959001782
122,SP37,Tiny+Small_+3,38.944330058834396,1.0534689840327824,-1.1306446291884096,26.57896613190731
123,SP37,Tiny+Small_+4,40.19797871252716,1.108707944585807,-1.2686480021644915,27.960784313725487
124,SP37,Tiny+Small_+5,36.455060688360376,0.9644107600341589,-0.8666167382566126,24.15668449197861
125,SP37,Tiny+Small_+6,24.85712052670989,0.6881533847472151,0.13236670017993857,17.178074866310162
126,SP37,Large+Mature_+1,35.6922644578227,0.6793596782924753,-0.37103349794618756,23.488770053475935
127,SP37,Large+Mature_+2,44.93344322069321,0.9261417201143652,-1.1769177878229073,32.045989304812835
128,SP37,Large+Mature_+3,45.22907101767409,0.9455125730316836,-1.2094934462050264,32.741532976827095
129,SP37,Large+Mature_+4,46.16816493382752,0.9910818826563508,-1.2963030985863653,34.250623885918
130,SP37,Large+Mature_+5,39.09160555004227,0.8341193004372267,-0.6500308434450488,28.565240641711227
131,SP37,Large+Mature_+6,29.15937163672026,0.642208413001912,0.030171791076558874,21.553475935828878
132,SP40,Tiny+Small_+1,26.533384264746577,0.667383646622401,-0.7701297172735202,19.081105169340464
133,SP40,Tiny+Small_+2,29.695983206449693,0.7670079106561192,-1.219829869573088,22.03609625668449
134,SP40,Tiny+Small_+3,27.7059313354485,0.7487684729064039,-0.9404147274111407,21.540106951871657
135,SP40,Tiny+Small_+4,29.899213003114067,0.7737751714294581,-1.2477620633493491,22.226381461675583
136,SP40,Tiny+Small_+5,27.269425800369866,0.6913740387288058,-0.8764220414823773,19.951871657754012
137,SP40,Tiny+Small_+6,22.356866309534805,0.5710660674432113,-0.23289228048905386,16.64795008912656
138,SP40,Large+Mature_+1,20.784865188762534,0.49892968878643174,-0.2575074704407061,16.203208556149733
139,SP40,Large+Mature_+2,25.663584670390144,0.6258369004500054,-0.9189174736156256,20.327985739750446
140,SP40,Large+Mature_+3,23.695190375685698,0.5966973381531383,-0.6491109729846511,19.419786096256683
141,SP40,Large+Mature_+4,25.394247293493258,0.6050695012264923,-0.9152399371505242,19.78609625668449
142,SP40,Large+Mature_+5,24.728700240154943,0.57184423777669,-0.8240631647398173,18.742424242424242
143,SP40,Large+Mature_+6,23.395987945181442,0.5442521227955585,-0.6313821030927749,17.823529411764707
144,FR11,Tiny+Small_+1,24.828866135667326,0.7871138357975718,-1.0010678236556685,17.50802139037433
145,FR11,Tiny+Small_+2,25.612444752565278,0.8239768199927563,-1.111950575012096,18.24866310160428
146,FR11,Tiny+Small_+3,22.921293488526466,0.7359312598329905,-0.6838459023854049,16.259358288770052
147,FR11,Tiny+Small_+4,26.728482274642577,0.885065797416395,-1.2968494757385436,19.601604278074866
148,FR11,Tiny+Small_+5,26.077399192847082,0.8540967896502156,-1.176545393874593,19.06417112299465
149,FR11,Tiny+Small_+6,23.15713008550048,0.7240644244433918,-0.6602971336592367,16.3475935828877
150,FR11,Large+Mature_+1,18.976268425825555,0.6156653901388224,-0.26046451844032936,13.755347593582888
151,FR11,Large+Mature_+2,22.010320561726186,0.7241276290630975,-0.6997042960248103,16.201871657754012
152,FR11,Large+Mature_+3,21.004618953451146,0.6987470167064439,-0.5470172642178026,15.656417112299465
153,FR11,Large+Mature_+4,24.133513432325497,0.798352435530086,-1.0441710780621007,17.879679144385026
154,FR11,Large+Mature_+5,22.885468149164375,0.7633955448524985,-0.883257701865185,16.951871657754012
155,FR11,Large+Mature_+6,19.899647969369028,0.6579397046259001,-0.47783141224526937,14.413101604278076
156,GA5,Tiny+Small_+1,54.42723104385884,0.8809941309761155,-0.6402931965366303,36.8239625167336
157,GA5,Tiny+Small_+2,67.83276485447917,1.2112449799196787,-1.5586517605613617,49.963855421686745
158,GA5,Tiny+Small_+3,64.96009856651415,1.2414421065583856,-1.3613294637229512,50.64859437751004
159,GA5,Tiny+Small_+4,65.85578049181129,1.1998515769944342,-1.4182259253225546,48.69879518072289
160,GA5,Tiny+Small_+5,55.900963555751,0.9743494053838881,-0.7362375050972347,39.320281124497996
161,GA5,Tiny+Small_+6,44.82751849642223,0.736499582289056,-0.11332317760461819,29.50435073627845
162,GA5,Large+Mature_+1,44.974456862124924,0.67199604184337,-0.28203036656578195,31.818607764390897
163,GA5,Large+Mature_+2,60.929675290070634,0.9963703134341105,-1.3335867235100616,46.85341365461848
164,GA5,Large+Mature_+3,63.33499023173779,1.1222924640548173,-1.529520403362857,52.40294511378848
165,GA5,Large+Mature_+4,63.22717976153885,1.090276877888644,-1.5185802485077655,50.68473895582329
166,GA5,Large+Mature_+5,55.26542128112064,0.9246982055464926,-0.940619996546693,42.683734939759034
167,GA5,Large+Mature_+6,44.469982831655635,0.7093871116074362,-0.2726594564341618,32.52710843373494
168,SP28,Tiny+Small_+1,20.025751192778227,0.583218477216723,-0.3952939816490222,14.455486542443065
169,SP28,Tiny+Small_+2,22.19163353684934,0.6733358342711849,-0.7009687559652347,16.722567287784678
170,SP28,Tiny+Small_+3,23.636254626764124,0.7165240398528258,-0.9172501926706735,17.94202898550725
171,SP28,Tiny+Small_+4,23.77100611120599,0.7258839472711593,-0.9272479202754682,18.29813664596273
172,SP28,Tiny+Small_+5,23.844761191945224,0.7348522167487684,-0.9392829753257188,18.53105590062112
173,SP28,Tiny+Small_+6,21.75375474281688,0.6763387297633873,-0.6278003746104162,16.866459627329192
174,SP28,Large+Mature_+1,19.482894410307072,0.4351696644379571,-0.261342726330541,14.351138716356107
175,SP28,Large+Mature_+2,24.89607522817072,0.58008706818253,-1.0576012922237394,19.17349896480331
176,SP28,Large+Mature_+3,26.524664615943173,0.5944626117287988,-1.324520790753005,19.759420289855072
177,SP28,Large+Mature_+4,26.43064259878967,0.608461753992715,-1.308875135202514,20.232298136645962
178,SP28,Large+Mature_+5,23.75934526102464,0.5375412152614225,-0.8976176317663953,17.720496894409937
179,SP28,Large+Mature_+6,21.43659500118889,0.523369237123884,-0.570036392456341,17.051759834368532
180,FR12,Tiny+Small_+1,28.133833343793594,0.8344328238133548,-0.6312085584235387,16.30817610062893
181,FR12,Tiny+Small_+2,31.741933061258397,0.9379932356257046,-1.0759454308691088,18.31446540880503
182,FR12,Tiny+Small_+3,29.110556990581387,0.8442195160525067,-0.7136322446415748,16.78616352201258
183,FR12,Tiny+Small_+4,33.05926639143135,1.0104671145133572,-1.1959090821667777,20.339622641509433
184,FR12,Tiny+Small_+5,30.718287835541386,0.9395765723999382,-0.8904752417766002,19.11949685534591
185,FR12,Tiny+Small_+6,25.54728012944976,0.7743438422115235,-0.3201906116768154,15.679245283018869
186,FR12,Large+Mature_+1,26.187831110135296,0.6624316216693137,-0.18931051561512668,15.740041928721176
187,FR12,Large+Mature_+2,33.45330349942227,0.8525388055774796,-0.9449992743004718,20.38050314465409
188,FR12,Large+Mature_+3,33.85787106809068,0.8581169682664569,-0.9933436848011405,20.57861635220126
189,FR12,Large+Mature_+4,34.181739785022025,0.895241850683491,-1.0310800084890483,21.41823899371069
190,FR12,Large+Mature_+5,31.860361493889453,0.8604589468099217,-0.7806052692128909,20.39937106918239
191,FR12,Large+Mature_+6,27.303343597959426,0.7346664877197692,-0.33017951516357424,17.21383647798742
192,DA3,Tiny+Small_+1,58.59837438461481,0.7724195770682322,-0.8853633198344195,41.86363636363637
193,DA3,Tiny+Small_+2,63.68548428873654,0.8733105063975491,-1.2165158368629498,47.201298701298704
194,DA3,Tiny+Small_+3,56.760404389798936,0.7136606125996523,-0.7634093682751721,38.65584415584416
195,DA3,Tiny+Small_+4,64.4161843420953,0.8938005390835579,-1.2739167185172775,48.44805194805195
196,DA3,Tiny+Small_+5,65.66480703631804,0.8963945047693322,-1.3562404436002997,48.51298701298701
197,DA3,Tiny+Small_+6,53.62844152368909,0.7468859299257532,-0.6696493887164845,39.51948051948052
198,DA3,Large+Mature_+1,43.04809526090128,0.6877167080509138,-0.6868004083688455,33.27164502164502
199,DA3,Large+Mature_+2,51.57732071973361,0.8389847579399718,-1.420022954018373,40.56818181818182
200,DA3,Large+Mature_+3,47.209998232162725,0.7736525326300129,-1.009072364866633,37.142857142857146
201,DA3,Large+Mature_+4,51.16518604115754,0.8281389748882009,-1.4975903838668145,39.08116883116883
202,DA3,Large+Mature_+5,47.17217894150604,0.7853745541022592,-1.2835579616633237,36.45616883116883
203,DA3,Large+Mature_+6,35.18717216738346,0.6013778824873278,-0.4844690020937703,27.349025974025974
204,GA3,Tiny+Small_+1,27.706666694323676,0.7807950727883538,-0.6457358439401399,21.157931034482758
205,GA3,Tiny+Small_+2,29.670303277043264,0.8772593634155695,-0.8804981886275867,23.664827586206897
206,GA3,Tiny+Small_+3,28.64258344156296,0.8516715767900602,-0.7442793460532235,22.927586206896553
207,GA3,Tiny+Small_+4,32.45346695256732,0.9398588838999359,-1.2350215532576758,25.262758620689656
208,GA3,Tiny+Small_+5,31.637777505969684,0.8760538568013087,-0.9631215877916601,24.00689655172414
209,GA3,Tiny+Small_+6,22.901850550134363,0.6270903426791278,0.0038685122970162356,17.353103448275863
210,GA3,Large+Mature_+1,23.399806954700317,0.6092417817899968,-0.35993230302540313,18.43103448275862
211,GA3,Large+Mature_+2,28.324766791504274,0.7252187748607796,-0.9924895083393763,22.00413793103448
212,GA3,Large+Mature_+3,26.259349730636174,0.7011494252873564,-0.7148569684059596,21.244827586206895
213,GA3,Large+Mature_+4,29.57994544304964,0.7683448353886185,-1.1367032513032869,23.41862068965517
214,GA3,Large+Mature_+5,28.32968468731621,0.7288368426978944,-0.8878551317094556,22.32
215,GA3,Large+Mature_+6,23.99211939582346,0.5884576442794465,-0.34747797305266337,18.03724137931034
216,SP19,Tiny+Small_+1,29.007545749989095,0.672987012987013,-0.5619858665802044,19.62878787878788
217,SP19,Tiny+Small_+2,35.30921608788194,0.8037627384374183,-1.2956802887310697,23.303030303030305
218,SP19,Tiny+Small_+3,32.13915188948029,0.7385877629396876,-0.893535337332316,21.368686868686872
219,SP19,Tiny+Small_+4,32.16962356221596,0.795033228401539,-0.8896307772940091,22.95959595959596
220,SP19,Tiny+Small_+5,30.691744247975954,0.7377824487651077,-0.7140647149507908,21.272727272727273
221,SP19,Tiny+Small_+6,26.85094158447826,0.6350960273612207,-0.3105857328266868,18.28787878787879
222,SP19,Large+Mature_+1,36.31866537395688,0.5849089635854342,-0.4352142887920134,25.310606060606062
223,SP19,Large+Mature_+2,45.7815961435875,0.7312280701754386,-1.2669897072708345,31.575757575757574
224,SP19,Large+Mature_+3,43.601192335347584,0.7670727421810939,-1.0519748581889328,33.07323232323232
225,SP19,Large+Mature_+4,44.16840095699235,0.7674173117522871,-1.106277565773572,33.04545454545455
226,SP19,Large+Mature_+5,39.41224322244188,0.689644987890602,-0.7192815325256416,29.482323232323235
227,SP19,Large+Mature_+6,33.471670015144056,0.6097912167026638,-0.47220190872415313,25.666666666666668
228,GA4,Tiny+Small_+1,52.608581797914674,0.9051791446169862,-0.5068339020925039,39.52272727272727
229,GA4,Tiny+Small_+2,69.29599992828307,1.2315526020540262,-1.6285444188750349,54.053030303030305
230,GA4,Tiny+Small_+3,72.51418356557438,1.2523928602224714,-1.8813947876343526,55.015151515151516
231,GA4,Tiny+Small_+4,67.64079032027578,1.176348726801899,-1.50263830339083,51.621212121212125
232,GA4,Tiny+Small_+5,51.07759248971563,0.8722091912084093,-0.41782226373693354,38.03030303030303
233,GA4,Tiny+Small_+6,32.02721380704891,0.5408529643576495,0.44433237929019676,23.393939393939394
234,GA4,Large+Mature_+1,32.386281233281665,0.7445750452079566,-0.35457431804820083,24.954545454545453
235,GA4,Large+Mature_+2,45.64289176885673,1.1133615477629988,-1.680579747836775,37.20202020202021
236,GA4,Large+Mature_+3,47.84316936845693,1.173893199452305,-1.9327306016048702,38.96969696969697
237,GA4,Large+Mature_+4,44.48321856618217,1.0892569588221763,-1.5257237286736278,35.871212121212125
238,GA4,Large+Mature_+5,34.84241822468853,0.8085106382978723,-0.5513981576818363,26.484848484848484
239,GA4,Large+Mature_+6,23.810497995943194,0.5051217846574095,0.3065118193265274,16.810606060606062
240,DA24,Tiny+Small_+1,47.918894733089836,0.5452120565484129,0.10506015362911658,32.188976377952756
241,DA24,Tiny+Small_+2,58.553831480974516,0.6690444145356662,-0.3324938244956417,39.14173228346457
242,DA24,Tiny+Small_+3,61.6618924164508,0.6916461916461917,-0.47293042223516957,39.89763779527559
243,DA24,Tiny+Small_+4,61.50846558468742,0.7027583367641005,-0.4579672394346468,40.32283464566929
244,DA24,Tiny+Small_+5,61.67478842735543,0.7344006568144499,-0.4662291451518734,42.25984251968504
245,DA24,Tiny+Small_+6,55.20455875275714,0.6065439672801636,-0.17244829306187515,35.031496062992126
246,DA24,Large+Mature_+1,55.24180916945933,0.5746732122789378,-0.32366046907049695,38.25196850393701
247,DA24,Large+Mature_+2,67.8758999592314,0.7192264341223231,-0.9854799645037986,47.732283464566926
248,DA24,Large+Mature_+3,65.29421602002195,0.7259692932672203,-0.8295253853663933,47.84251968503937
249,DA24,Large+Mature_+4,61.563583417062446,0.6554703074971304,-0.6397965470505369,42.71653543307087
250,DA24,Large+Mature_+5,59.107219405304214,0.614323059152532,-0.5110361383215722,39.78346456692913
251,DA24,Large+Mature_+6,52.53980493266229,0.5271218500213558,-0.18889303688770664,34.011811023622045
252,AG130,Tiny+Small_+1,17.800674144537336,0.9098265895953758,-0.7124229349151312,12.592
253,AG130,Tiny+Small_+2,20.996571148642342,1.0549019607843138,-1.1344245532221455,15.064
254,AG130,Tiny+Small_+3,20.506876895324652,1.0510148107515085,-0.9745979996219576,15.328
255,AG130,Tiny+Small_+4,21.17999055712726,1.0672866520787747,-1.114378072548726,15.608
256,AG130,Tiny+Small_+5,19.089892613631957,0.9654415798134942,-0.7098596438441149,14.08
257,AG130,Tiny+Small_+6,14.701700581905483,0.6853994490358126,-0.00833389315598132,9.952
258,AG130,Large+Mature_+1,17.69745744450315,0.7191508182220256,-0.1533012164720755,13.008
259,AG130,Large+Mature_+2,22.11461055501543,0.93215859030837,-0.8110609454062827,16.928
260,AG130,Large+Mature_+3,21.433945040519255,0.9139761167624945,-0.6908107376650687,16.532
261,AG130,Large+Mature_+4,23.49123240700666,1.0020089285714286,-1.0172348750701854,17.956
262,AG130,Large+Mature_+5,21.163884331568248,0.8878568192115994,-0.6718944770051596,15.676
263,AG130,Large+Mature_+6,17.250565208131587,0.7552367941712204,-0.12398001708552964,13.268
264,MA112,Tiny+Small_+1,77.39364027848514,0.8575618209691395,-0.5199806116944168,51.464
265,MA112,Tiny+Small_+2,88.75752487661101,0.9733675281120536,-1.0011209637467622,59.208
266,MA112,Tiny+Small_+3,87.84217918770256,1.0150181478342135,-0.9723497048775951,62.26933333333333
267,MA112,Tiny+Small_+4,80.65449219424242,0.8252735158930536,-0.6748614106282553,50.992
268,MA112,Tiny+Small_+5,77.25919003228317,0.8589776687750097,-0.5428105933560858,53.236
269,MA112,Tiny+Small_+6,83.33351333313894,0.8868886307910698,-0.7957342226711956,54.98
270,MA112,Large+Mature_+1,37.53345174640883,0.5452780229479258,-0.3095174354443859,24.712
271,MA112,Large+Mature_+2,45.87792497487217,0.6719464977120733,-0.9668965578286042,30.544
272,MA112,Large+Mature_+3,45.50109888782907,0.7196796338672768,-0.9336789342380258,32.708
273,MA112,Large+Mature_+4,41.41958473958908,0.6662850096882156,-0.5988485575036224,30.26
274,MA112,Large+Mature_+5,43.85045039677472,0.7038569918985559,-0.7921026227990988,31.972
275,MA112,Large+Mature_+6,45.60063596047757,0.7007853403141361,-0.9270028646242625,32.124
276,MA113,Tiny+Small_+1,33.84050170366207,0.7312407277270243,-0.31436388078142863,24.973333333333336
277,MA113,Tiny+Small_+2,41.181349608233525,0.9052754982415006,-0.942292807518933,30.888
278,MA113,Tiny+Small_+3,39.4869317341545,0.909873933129747,-0.7789452305021236,30.986666666666665
279,MA113,Tiny+Small_+4,38.80665464123962,0.8824781272168362,-0.7008398063759167,29.856
280,MA113,Tiny+Small_+5,36.64598810844708,0.79916351010101,-0.5124357529308794,27.005333333333333
281,MA113,Tiny+Small_+6,35.35706121523362,0.787698883875564,-0.39898777046983813,26.536
282,MA113,Large+Mature_+1,17.42377685807529,0.5301090564248458,-0.055095336010684504,13.416
283,MA113,Large+Mature_+2,22.849682711145025,0.7195800858915222,-0.7862786994924345,18.096
284,MA113,Large+Mature_+3,22.204774261406037,0.7479518072289156,-0.6600406717573701,18.624
285,MA113,Large+Mature_+4,21.770346804770934,0.7239422921056897,-0.5701699955802484,17.864
286,MA113,Large+Mature_+5,21.18508909587118,0.6573816155988857,-0.4662507502313289,16.048
287,MA113,Large+Mature_+6,19.89703495498764,0.6311597809855649,-0.2800011960283171,15.216
288,GA127,Tiny+Small_+1,31.617554898786494,0.9136750709634329,-0.9403040474282627,21.888
289,GA127,Tiny+Small_+2,34.50264402106662,1.017876275869847,-1.3437762567277343,24.066666666666663
290,GA127,Tiny+Small_+3,32.40581909335283,0.9061819400234545,-1.041926130409455,21.636
291,GA127,Tiny+Small_+4,36.301163127983166,1.0727272727272728,-1.4893800177086458,26.196
292,GA127,Tiny+Small_+5,33.09448762424206,0.9498836391189047,-1.0741299047599986,23.401333333333337
293,GA127,Tiny+Small_+6,24.278737840157817,0.6742165010048341,-0.11107093144227176,16.550666666666668
294,GA127,Large+Mature_+1,29.292577747803474,0.7804878048780488,-0.7185338651857436,21.504
295,GA127,Large+Mature_+2,34.70226377502066,0.9176718361095155,-1.4169107777867205,25.562666666666665
296,GA127,Large+Mature_+3,32.73990090258538,0.8523659606945239,-1.1570323735747752,23.825333333333333
297,GA127,Large+Mature_+4,34.95482481400497,0.9462659380692169,-1.446195714642033,26.321333333333335
298,GA127,Large+Mature_+5,32.17750421921778,0.8545374963524949,-1.1079745524583329,23.428
299,GA127,Large+Mature_+6,21.028800356759405,0.5305297815025442,0.0232780498828542,14.18
300,GA128,Tiny+Small_+1,62.160559128044454,0.9782937616387336,-1.154907962488993,44.82933333333333
301,GA128,Tiny+Small_+2,67.46698287145927,1.0998087289167102,-1.520634317711111,50.6
302,GA128,Tiny+Small_+3,57.84933688278352,0.8726883957466482,-0.8578460347247117,40.269333333333336
303,GA128,Tiny+Small_+4,66.75930230645348,1.0484439055372712,-1.4779145479198048,48.42133333333334
304,GA128,Tiny+Small_+5,60.05219211467453,0.9164643311365476,-0.9998407166071195,42.27466666666666
305,GA128,Tiny+Small_+6,44.314261561914556,0.6230117264600024,-0.08207199869898796,28.61866666666667
306,GA128,Large+Mature_+1,49.47317567238949,0.8287941487826004,-0.8003313539506358,34.448
307,GA128,Large+Mature_+2,58.688378558090854,0.9656782778364199,-1.5479268198527874,40.25333333333333
308,GA128,Large+Mature_+3,53.818916542213834,0.876052370434393,-1.1392469832814416,36.489333333333335
309,GA128,Large+Mature_+4,57.64917846576634,0.9424011326704638,-1.4343518609507893,39.04933333333334
310,GA128,Large+Mature_+5,50.267575146520755,0.834913033356613,-1.045084133517853,33.47333333333333
311,GA128,Large+Mature_+6,29.051192364131595,0.5521902983784531,0.19044157369737535,21.294666666666668
312,SP108,Tiny+Small_+1,21.76069851820019,0.8112621359223301,-0.9308443835527067,16.712
313,SP108,Tiny+Small_+2,23.118477458517894,0.8204441041347627,-1.1494701547059973,17.144
314,SP108,Tiny+Small_+3,20.983993900113486,0.7423780487804879,-0.7831958357950104,15.584
315,SP108,Tiny+Small_+4,23.491956070110465,0.8322653599698454,-1.237471695905204,17.664
316,SP108,Tiny+Small_+5,21.35790251873999,0.7626415094339623,-0.8455762166011231,16.168
317,SP108,Tiny+Small_+6,16.01324451821054,0.5689851767388826,-0.025328128672682526,11.976
318,SP108,Large+Mature_+1,26.375864388152706,0.5926515151515153,-0.7979154989111157,20.861333333333334
319,SP108,Large+Mature_+2,30.627540257458193,0.6759342977697408,-1.4542127970045353,23.922666666666665
320,SP108,Large+Mature_+3,29.329757357787102,0.6628361123629262,-1.2671736428556386,23.53333333333333
321,SP108,Large+Mature_+4,31.050568074960847,0.6952036744221068,-1.5177031563182353,24.621333333333336
322,SP108,Large+Mature_+5,26.49617163122082,0.6063902107409925,-0.8296960590322107,21.408
323,SP108,Large+Mature_+6,20.09481967517444,0.4603825136612022,-0.06008661385806824,16.176
324,SP121,Tiny+Small_+1,27.438367298365257,0.7520635891164782,-0.9596862869354892,19.68
325,SP121,Tiny+Small_+2,29.36038146891147,0.8205748865355522,-1.264058176255901,21.696
326,SP121,Tiny+Small_+3,29.26636294451362,0.7684493576337018,-1.240124058495097,20.576
327,SP121,Tiny+Small_+4,30.411839799656974,0.8116113744075829,-1.414200351106297,21.92
328,SP121,Tiny+Small_+5,28.39760553286139,0.7332365747460087,-0.9571383915830023,20.208
329,SP121,Tiny+Small_+6,23.564464772194594,0.6056782334384858,-0.3086407677444645,16.896
330,SP121,Large+Mature_+1,25.570529912381556,0.6063337088496683,-0.655958480272554,19.376
331,SP121,Large+Mature_+2,30.59627428299073,0.7211070938785688,-1.375517688330878,23.136
332,SP121,Large+Mature_+3,29.60128375594545,0.6853336622671765,-1.1548898535998178,22.224
333,SP121,Large+Mature_+4,31.325197525314984,0.734982332155477,-1.2984583762948803,24.128
334,SP121,Large+Mature_+5,28.340853903861117,0.6338970677698017,-0.8733069419782258,20.84
335,SP121,Large+Mature_+6,23.081507749711673,0.5278426551936078,-0.2896213699776138,17.176
336,SP122,Tiny+Small_+1,109.09777266287337,0.9474005804776211,-0.6520072791649678,74.424
337,SP122,Tiny+Small_+2,125.82729433632434,1.063581509001147,-1.172422979132306,85.312
338,SP122,Tiny+Small_+3,109.59224425113302,0.9757697390963825,-0.6338038133741639,79.736
339,SP122,Tiny+Small_+4,125.24793012261719,1.0684371807967314,-1.148059651314735,87.864
340,SP122,Tiny+Small_+5,109.80333328273782,0.9487888937430222,-0.6552098989825612,78.184
341,SP122,Tiny+Small_+6,66.46933127390406,0.5109671226301896,0.3955696680485119,42.584
342,SP122,Large+Mature_+1,87.9245130779807,0.7734640396001164,-0.6646640075682968,63.752
343,SP122,Large+Mature_+2,107.57085107035269,0.9729259330883775,-1.5062078040065638,80.496
344,SP122,Large+Mature_+3,105.47526724308405,0.9638262888093626,-1.4084299928511332,79.72
345,SP122,Large+Mature_+4,104.4099229000769,0.9407780143216566,-1.3583409451444384,77.776
346,SP122,Large+Mature_+5,90.45219731991037,0.8064234426547642,-0.7657481774239787,66.488
347,SP122,Large+Mature_+6,52.99562246072783,0.4502633118782914,0.3977822084924322,36.936
348,SP133,Tiny+Small_+1,35.54554660466495,0.7594307476448185,-0.7716612785311814,25.879781420765024
349,SP133,Tiny+Small_+2,40.092237687221576,0.8572793502926072,-1.282326563360992,29.418032786885245
350,SP133,Tiny+Small_+3,37.335571507850936,0.810590792333531,-1.0052217332933866,28.02185792349727
351,SP133,Tiny+Small_+4,39.98246997475683,0.8518125760967754,-1.3248161828572247,29.628415300546447
352,SP133,Tiny+Small_+5,36.01528338806691,0.79572920333216,-0.893550080807717,27.795081967213115
353,SP133,Tiny+Small_+6,35.26185547770309,0.7512524758243039,-0.8126204591257054,26.42622950819672
354,SP133,Large+Mature_+1,34.84923944624595,0.6255248510887609,-0.488055805336965,26.25409836065574
355,SP133,Large+Mature_+2,44.12834712558844,0.8174132737343309,-1.4072296808581184,34.47540983606557
356,SP133,Large+Mature_+3,43.730946931091964,0.8234152024075333,-1.3675937733364805,34.76229508196721
357,SP133,Large+Mature_+4,41.710747174709006,0.7511746216908072,-1.1500234358536447,31.669398907103826
358,SP133,Large+Mature_+5,33.315835571359315,0.6003300650422289,-0.3745301257153486,25.34426229508197
359,SP133,Large+Mature_+6,35.006901479336484,0.6449113973080275,-0.513523914154074,27.295081967213115
360,SP20,Tiny+Small_+1,42.443335202320505,0.8377084008498074,-0.9296586535581941,31.781420765027324
361,SP20,Tiny+Small_+2,46.382669216453976,0.958636940366141,-1.284197644031908,36.12568306010929
362,SP20,Tiny+Small_+3,42.31319709560754,0.8015061861215708,-0.9074202928233961,30.5327868852459
363,SP20,Tiny+Small_+4,43.72276149210439,0.8546021076217485,-0.9483999558530247,33.34699453551913
364,SP20,Tiny+Small_+5,43.26042100466558,0.7975737637503856,-0.8195534482845563,31.795081967213115
365,SP20,Tiny+Small_+6,39.372115501364966,0.7307969893803485,-0.5112768327620989,29.049180327868854
366,SP20,Large+Mature_+1,35.21931029777042,0.7633843212237094,-0.7914858345996416,26.18032786885246
367,SP20,Large+Mature_+2,39.67788104322288,0.876376609275632,-1.1022071421198527,30.874316939890708
368,SP20,Large+Mature_+3,36.33817083151946,0.7924954792043399,-0.5870112272559982,28.737704918032787
369,SP20,Large+Mature_+4,39.628890953173375,0.8194568121104185,-0.8443189482415299,30.172131147540984
370,SP20,Large+Mature_+5,39.14737927613336,0.8073761386358587,-0.7983254794118122,29.78688524590164
371,SP20,Large+Mature_+6,35.22462398366416,0.7095280764635604,-0.453661274460059,25.961748633879782
372,DA41,Tiny+Small_+1,15.865680810674558,1.157109557109557,-0.7868039745358142,10.698275862068966
373,DA41,Tiny+Small_+2,18.49848549252726,1.3361072584373554,-1.4311248427439272,12.456896551724139
374,DA41,Tiny+Small_+3,18.46956956726388,1.3895804518211157,-1.4296339268547111,12.991379310344827
375,DA41,Tiny+Small_+4,17.39859784283066,1.2293826047769265,-1.1296015690934795,11.758620689655173
376,DA41,Tiny+Small_+5,15.944272563720393,1.0539937527889336,-0.7792305416765544,10.181034482758621
377,DA41,Tiny+Small_+6,14.084642529095788,0.9539087211929508,-0.3823298930393568,9.099137931034482
378,DA41,Large+Mature_+1,8.14573319896122,0.8473967684021544,-0.4317113714375129,6.103448275862069
379,DA41,Large+Mature_+2,10.796688686353715,1.1547407845456337,-1.536411969328391,8.416666666666666
380,DA41,Large+Mature_+3,10.844490276110676,1.1723342939481267,-1.4847575755897195,8.767241379310345
381,DA41,Large+Mature_+4,10.874788058885125,1.1179309013703917,-1.4897320956134887,8.32183908045977
382,DA41,Large+Mature_+5,9.805849962475973,0.9877264757451782,-1.0044852842988843,7.2844827586206895
383,DA41,Large+Mature_+6,8.110911008921008,0.8185554903112156,-0.3766532373184539,6.008620689655173
384,MA206,Tiny+Small_+1,67.23678839954891,0.6301929625425653,-0.8479791306333662,49.57142857142857
385,MA206,Tiny+Small_+2,71.06495394054251,0.6668186481249287,-1.059952800296061,52.232142857142854
386,MA206,Tiny+Small_+3,67.48161125182813,0.6286924662239524,-0.8445310785559392,49.026785714285715
387,MA206,Tiny+Small_+4,71.12131235732768,0.6728982551552232,-1.017182359132644,53.026785714285715
388,MA206,Tiny+Small_+5,66.9994003171457,0.6067890929326656,-0.7544117409258688,48.67857142857143
389,MA206,Tiny+Small_+6,69.19324647061198,0.6660706303084488,-0.8480143092620271,53.214285714285715
390,MA206,Large+Mature_+1,51.57226879564403,0.4650194967563692,-0.4885344453610121,39.57440476190476
391,MA206,Large+Mature_+2,58.471931436143066,0.5320395777905299,-0.9306890722453227,45.52976190476191
392,MA206,Large+Mature_+3,56.8270969557015,0.4995071335927367,-0.8466024313143525,42.982142857142854
393,MA206,Large+Mature_+4,59.600759190061886,0.5387330612807135,-1.0472744111870225,46.5595238095238
394,MA206,Large+Mature_+5,61.965816389309765,0.5677445974521635,-1.2129735731617122,49.142857142857146
395,MA206,Large+Mature_+6,61.1196174635353,0.5516225722057627,-1.0764571814988582,47.3779761904762
396,MA207,Tiny+Small_+1,27.65547679620434,0.7069257598405582,-0.6674127686108453,21.11309523809524
397,MA207,Tiny+Small_+2,32.924904785871895,0.8490518962075849,-1.3687344822860967,25.319940476190478
398,MA207,Tiny+Small_+3,33.98055802091393,0.8671562749800159,-1.5270861019279107,25.828869047619044
399,MA207,Tiny+Small_+4,32.349694406201166,0.8057707588398888,-1.2919045039175736,24.14434523809524
400,MA207,Tiny+Small_+5,25.958352442093403,0.6649489595602671,-0.47376577674586273,20.162202380952383
401,MA207,Tiny+Small_+6,20.98461147247653,0.5368035190615835,0.03721389694166244,16.34375
402,MA207,Large+Mature_+1,26.540138813765992,0.5503407682775712,-0.2888235529027001,21.148809523809522
403,MA207,Large+Mature_+2,34.182190143638735,0.7154340836012861,-1.1613850252585611,27.8125
404,MA207,Large+Mature_+3,36.85761965976814,0.755631141345427,-1.5042819253873758,29.752976190476186
405,MA207,Large+Mature_+4,35.284459122332535,0.7312532971587911,-1.3058565157888924,28.877976190476186
406,MA207,Large+Mature_+5,29.48969082712406,0.6095346197502838,-0.6007461652944412,23.973214285714285
407,MA207,Large+Mature_+6,23.91338952161944,0.47511929107021134,-0.05117702352464426,18.669642857142858
408,MA208,Tiny+Small_+1,43.778692405440324,0.7787431522383894,-0.7650898481201738,33.211309523809526
409,MA208,Tiny+Small_+2,48.484006731397095,0.859596274367231,-1.1799075874263547,36.94345238095237
410,MA208,Tiny+Small_+3,48.04239715712752,0.8157023382829834,-1.0943959737410727,35.55952380952381
411,MA208,Tiny+Small_+4,46.79670975240454,0.8198648051903936,-0.9947185471194566,35.916666666666664
412,MA208,Tiny+Small_+5,44.595041853736475,0.7540772386668023,-0.8189892857109073,33.095238095238095
413,MA208,Tiny+Small_+6,44.35282533367367,0.7347758785363765,-0.6366285687344435,33.19940476190476
414,MA208,Large+Mature_+1,25.669623360931176,0.6074213498252218,-0.7695511277462734,20.169642857142858
415,MA208,Large+Mature_+2,29.787657905449088,0.7092805562984755,-1.4042838066294383,23.678571428571427
416,MA208,Large+Mature_+3,25.754083510393404,0.6241172789845356,-0.7754677568345192,20.779761904761905
417,MA208,Large+Mature_+4,27.345598293541617,0.6540084388185653,-0.9652747842864648,21.681547619047617
418,MA208,Large+Mature_+5,25.67827891305233,0.6228189132989783,-0.6915718167742884,20.502976190476186
419,MA208,Large+Mature_+6,25.74628190139368,0.6350227943148297,-0.6562697895947984,21.142857142857142
420,AG201,Tiny+Small_+1,32.94001582964317,0.8029932803909591,-0.581420596902968,23.473214285714285
421,AG201,Tiny+Small_+2,37.57444990567774,0.9428918590522479,-1.074539574608452,27.714285714285715
422,AG201,Tiny+Small_+3,34.2283560391506,0.7808383233532934,-0.7293626907837323,23.285714285714285
423,AG201,Tiny+Small_+4,36.873819593697796,0.8956367924528302,-1.009915822043142,27.125
424,AG201,Tiny+Small_+5,33.28341500335737,0.7991742848717193,-0.6369218895240665,24.196428571428573
425,AG201,Tiny+Small_+6,27.32231557850521,0.6213649851632047,-0.09417808299210173,18.696428571428573
426,AG201,Large+Mature_+1,36.61838677495228,0.7220335012299403,-0.521836973407571,27.517857142857142
427,AG201,Large+Mature_+2,40.443468040498914,0.7780479333101772,-0.8741060290587928,30.0
428,AG201,Large+Mature_+3,32.59149209752228,0.5907571741385271,-0.22995114715781861,22.883928571428573
429,AG201,Large+Mature_+4,39.83038816567787,0.754660182933889,-0.8199519779208455,29.098214285714285
430,AG201,Large+Mature_+5,38.17949851874507,0.7351815334647953,-0.6704263155583221,28.294642857142858
431,AG201,Large+Mature_+6,32.61305884370335,0.6067259909857853,-0.21350835474039576,23.4375
432,FR204,Tiny+Small_+1,72.40637427543437,0.9072935315637892,-1.3077654478406635,52.035714285714285
433,FR204,Tiny+Small_+2,77.11281450390905,0.943218157710007,-1.611177968938918,53.986607142857146
434,FR204,Tiny+Small_+3,63.02736438019827,0.8157669902912621,-0.7469183923461811,46.888392857142854
435,FR204,Tiny+Small_+4,69.50708147376065,0.8982263186430176,-1.13197751913001,51.77232142857143
436,FR204,Tiny+Small_+5,65.0000171703274,0.8404164400590475,-0.8511641045839198,48.29017857142857
437,FR204,Tiny+Small_+6,67.02213453671214,0.869208531916556,-0.9493012989428535,49.66517857142857
438,FR204,Large+Mature_+1,62.876970290060434,0.8696653235753639,-1.192173793819208,47.214285714285715
439,FR204,Large+Mature_+2,68.99548704185555,0.9811860940695296,-1.6618636408623426,53.549107142857146
440,FR204,Large+Mature_+3,57.46320639579481,0.751699287527639,-0.8405979625774922,40.97767857142857
441,FR204,Large+Mature_+4,62.01571301464078,0.8612726230447957,-1.1437923082471704,46.950892857142854
442,FR204,Large+Mature_+5,60.4034242465962,0.853430609066317,-1.0344422721377504,46.47767857142857
443,FR204,Large+Mature_+6,56.864363212573025,0.7745707887534212,-0.8559810961534542,41.691964285714285
444,FR203,Tiny+Small_+1,53.74034381701915,0.9512913154021143,-0.71104530218505,31.736607142857142
445,FR203,Tiny+Small_+2,60.28294520129933,1.0839029620694276,-1.149434197845712,36.10267857142857
446,FR203,Tiny+Small_+3,58.751044823536056,1.0821586790173177,-1.0377987051149802,35.986607142857146
447,FR203,Tiny+Small_+4,61.281751973976725,1.0968653302838691,-1.2116862753116173,36.39732142857143
448,FR203,Tiny+Small_+5,56.59187772993577,1.0584669271184157,-0.8833809517999671,35.075892857142854
449,FR203,Tiny+Small_+6,45.43281440765033,0.7827553636486304,-0.21224928173837498,25.897321428571427
450,FR203,Large+Mature_+1,45.024323783293596,0.6823839662447257,-0.23504285459511065,28.879464285714285
451,FR203,Large+Mature_+2,58.50940476905035,0.9493978449186562,-1.0794953252101513,40.120535714285715
452,FR203,Large+Mature_+3,60.39144999205482,0.9636344359626803,-1.202558979073613,40.575892857142854
453,FR203,Large+Mature_+4,59.93778396327789,0.992235694533078,-1.1585784710891676,41.64732142857143
454,FR203,Large+Mature_+5,52.039498220102004,0.836635795821667,-0.6325390531006254,34.683035714285715
455,FR203,Large+Mature_+6,37.8574924175236,0.6514391626689926,0.10511124876129774,26.674107142857142
456,SP317,Tiny+Small_+1,49.97523196068038,0.9085043988269794,-0.9613650923534653,36.88095238095238
457,SP317,Tiny+Small_+2,57.87836177626974,1.051061388410786,-1.6086940398824479,43.61904761904762
458,SP317,Tiny+Small_+3,52.501587277592535,0.8921817668642393,-1.1702375377141627,37.63095238095238
459,SP317,Tiny+Small_+4,57.19806856545986,1.0025174825174825,-1.6125006181965134,42.666666666666664
460,SP317,Tiny+Small_+5,52.407628488699274,0.9170636032502102,-1.1858605741721666,38.964285714285715
461,SP317,Tiny+Small_+6,34.41864112865087,0.5434047350620068,0.06422124342401059,22.952380952380953
462,SP317,Large+Mature_+1,51.94874992767024,0.7372074795655582,-0.9106278042867739,39.19047619047619
463,SP317,Large+Mature_+2,62.38279486555644,0.9042660396372186,-1.7552153346827346,48.07142857142857
464,SP317,Large+Mature_+3,57.62135227582947,0.7912702853945159,-1.3522758224810199,42.083333333333336
465,SP317,Large+Mature_+4,62.93368580914207,0.9051193009969755,-1.8057803939154176,48.095238095238095
466,SP317,Large+Mature_+5,55.97549421292278,0.800950548828788,-1.2813410236729492,42.13095238095238
467,SP317,Large+Mature_+6,34.75946256913703,0.4529982866933181,0.0713496730343246,23.607142857142858
468,SP319,Tiny+Small_+1,23.813136630659898,0.6358783940589464,-0.1374922451896723,16.30952380952381
469,SP319,Tiny+Small_+2,32.00660274142851,0.8461716400647699,-1.0681865635881822,21.773809523809526
470,SP319,Tiny+Small_+3,32.92758006748338,0.8913093503106545,-1.2046950201968771,23.055555555555557
471,SP319,Tiny+Small_+4,30.409713273486506,0.8,-0.8969424022830612,20.88095238095238
472,SP319,Tiny+Small_+5,23.069612276369334,0.6137232845894264,-0.10185542560899141,16.238095238095237
473,SP319,Tiny+Small_+6,20.602354491222854,0.5438943894389439,0.13663972389093948,14.714285714285714
474,SP319,Large+Mature_+1,30.450584481058737,0.5426631237082964,-0.2507643558678041,21.88095238095238
475,SP319,Large+Mature_+2,39.7962070458743,0.7389770723104057,-1.1591170981092267,29.928571428571427
476,SP319,Large+Mature_+3,39.80410031788688,0.7605373308673221,-1.1828655079098325,31.00396825396825
477,SP319,Large+Mature_+4,39.476216803560256,0.7394026974951831,-1.1728416107092552,30.45634920634921
478,SP319,Large+Mature_+5,34.77111478340065,0.6458752515090543,-0.6760320288694406,26.75
479,SP319,Large+Mature_+6,32.16201956727069,0.6018385521401896,-0.43152594287582224,24.94047619047619
480,AG317,Tiny+Small_+1,42.822654774135174,0.8643571978444957,-0.6371366458996666,33.416666666666664
481,AG317,Tiny+Small_+2,50.42987823748555,1.0193648334624321,-1.2612859121692326,39.166666666666664
482,AG317,Tiny+Small_+3,48.030186440652194,0.953520907819058,-1.0479305729523647,36.51190476190476
483,AG317,Tiny+Small_+4,53.870601135189375,1.1259879125987913,-1.5819127524743744,43.25
484,AG317,Tiny+Small_+5,48.810432628008265,0.931758932679037,-1.1437518257795305,36.166666666666664
485,AG317,Tiny+Small_+6,39.72367352216104,0.729078428508836,-0.11068565136751474,29.714285714285715
486,AG317,Large+Mature_+1,27.480837479440623,0.8181610768879762,-0.7850540009331162,21.345238095238095
487,AG317,Large+Mature_+2,33.07252132309641,0.995224016374801,-1.6065749213139031,26.047619047619047
488,AG317,Large+Mature_+3,32.55610744968035,0.9944612657853925,-1.4014432443166354,26.718253968253965
489,AG317,Large+Mature_+4,36.16448131792725,1.0027536538868884,-1.2725510843536134,28.178571428571427
490,AG317,Large+Mature_+5,35.11665178806535,0.8207466138090519,-0.3596707311780325,24.6468253968254
491,AG317,Large+Mature_+6,27.75024429083568,0.5837338973274371,0.2685210088850899,18.071428571428573
492,DA309,Tiny+Small_+1,41.900463118249775,0.6283686078611805,-0.6352501023775585,28.452380952380953
493,DA309,Tiny+Small_+2,42.69304894911382,0.7298264210944746,-0.7021148246770366,32.785714285714285
494,DA309,Tiny+Small_+3,42.20456763314285,0.6944654367637253,-0.6625379357360475,30.99603174603175
495,DA309,Tiny+Small_+4,45.01420263820563,0.6975250836120401,-0.8866658565149279,31.035714285714285
496,DA309,Tiny+Small_+5,44.383303679454116,0.6588991562876657,-0.8316384177192513,29.285714285714285
497,DA309,Tiny+Small_+6,42.41841687223947,0.6642489366465189,-0.6682251690623524,29.436507936507933
498,DA309,Large+Mature_+1,24.68455754013794,0.5485931296392198,-0.6885154012120678,18.916666666666668
499,DA309,Large+Mature_+2,26.520544596864628,0.6483687208700155,-0.9490330704486716,22.357142857142858
500,DA309,Large+Mature_+3,24.598992860185348,0.5606469002695417,-0.6970773547996227,19.396825396825395
501,DA309,Large+Mature_+4,28.70886751639768,0.6844840386043058,-1.3453373275362566,23.78174603174603
502,DA309,Large+Mature_+5,26.36828351754008,0.6180638552159808,-0.9971820232310578,21.547619047619047
503,DA309,Large+Mature_+6,22.22826802679191,0.5123910442659374,-0.41597445023729773,17.845238095238095
504,GA331,Tiny+Small_+1,30.733586405321024,0.8536105647653836,-0.9160516324050014,20.253333333333334
505,GA331,Tiny+Small_+2,31.042873578327118,1.0014649868151186,-1.1906218408402829,22.786666666666665
506,GA331,Tiny+Small_+3,28.46184580568637,0.9505988023952096,-0.9367983423212811,21.166666666666668
507,GA331,Tiny+Small_+4,33.10946491060625,1.0187388459250446,-1.60061884740067,22.833333333333332
508,GA331,Tiny+Small_+5,31.022948495159728,0.9034090909090909,-1.2678661608095334,20.14
509,GA331,Tiny+Small_+6,22.64383654183481,0.6482456140350877,-0.14415881941655107,14.78
510,GA331,Large+Mature_+1,20.533387445816143,0.6194889076102218,-0.47845679249005757,14.706666666666667
511,GA331,Large+Mature_+2,24.59091973337584,0.7663448275862069,-1.0646039923218744,18.52
512,GA331,Large+Mature_+3,21.65502251211021,0.6978793720738089,-0.6000375474992548,16.893333333333334
513,GA331,Large+Mature_+4,26.015764451578203,0.8183599216344808,-1.294116370992307,19.493333333333332
514,GA331,Large+Mature_+5,23.74124399998169,0.7572474377745242,-1.2326570133356811,17.24
515,GA331,Large+Mature_+6,21.30899653511008,0.685369532428356,-0.823343595234908,15.146666666666667
516,GA307,Tiny+Small_+1,17.338388573043897,0.7236641221374046,-0.4649704187773096,13.352112676056338
517,GA307,Tiny+Small_+2,22.69392175246584,0.9570552147239264,-1.4986198905151644,17.577464788732396
518,GA307,Tiny+Small_+3,23.233656985102638,1.0289193302891932,-1.6240356872849584,19.04225352112676
519,GA307,Tiny+Small_+4,22.789607218710433,0.9470149253731344,-1.5129721916140997,17.87323943661972
520,GA307,Tiny+Small_+5,20.282164509319475,0.8248882265275708,-0.9908918271261686,15.591549295774648
521,GA307,Tiny+Small_+6,14.528262887737517,0.5915492957746479,-0.01903984768121858,11.23943661971831
522,GA307,Large+Mature_+1,27.754329696488952,0.7790797370677336,-0.6794001796995706,19.197183098591548
523,GA307,Large+Mature_+2,35.50034715164521,1.1456145330684075,-1.7613138424393102,28.422535211267604
524,GA307,Large+Mature_+3,35.21113380256267,1.179226644086932,-1.7314763523369048,29.422535211267604
525,GA307,Large+Mature_+4,34.18168111640593,1.074417298511654,-1.5791553935037244,26.943661971830984
526,GA307,Large+Mature_+5,24.722260027049924,0.7369332948310713,-0.4837451905446086,17.971830985915492
527,GA307,Large+Mature_+6,18.452642087245934,0.48630755341558835,0.0006741892917434544,11.380281690140846
528,GA332,Tiny+Small_+1,30.712318031585298,0.8051038278709032,-0.7570781076465454,22.661971830985916
529,GA332,Tiny+Small_+2,38.33809931588849,1.058969893008211,-1.7502231284078231,29.971830985915492
530,GA332,Tiny+Small_+3,38.03676871985694,1.104780777805301,-1.7289948836707199,31.408450704225352
531,GA332,Tiny+Small_+4,38.13292171221423,1.0453082446150037,-1.7449880645244034,29.732394366197184
532,GA332,Tiny+Small_+5,29.27107402621037,0.7568773234200743,-0.6149223863838398,21.507042253521128
533,GA332,Tiny+Small_+6,18.426672339875335,0.4939550949913644,0.36154925434986673,14.098591549295774
534,GA332,Large+Mature_+1,40.67268869442741,0.7027863777089783,-0.5376694925255119,28.774647887323944
535,GA332,Large+Mature_+2,52.712614413533494,0.9863013698630136,-1.6045252136685395,40.563380281690144
536,GA332,Large+Mature_+3,53.7213729859258,1.051641586867305,-1.7095012280820687,43.309859154929576
537,GA332,Large+Mature_+4,52.419220214414906,1.004774897680764,-1.5798725888774903,41.49295774647887
538,GA332,Large+Mature_+5,39.00162510156955,0.6756198347107438,-0.4716641320060462,27.633802816901408
539,GA332,Large+Mature_+6,29.75226349538118,0.5013898540653231,0.11842425521187727,20.323943661971832
540,GA302,Tiny+Small_+1,25.789216797848592,0.9554309026007138,-0.6550303404392006,19.395445134575567
541,GA302,Tiny+Small_+2,28.44769272774316,1.0703577853288027,-0.9343152815360549,22.17391304347826
542,GA302,Tiny+Small_+3,25.03726297180256,0.8870967741935484,-0.46878443406652104,18.561076604554867
543,GA302,Tiny+Small_+4,27.036962441547704,0.9790338164251208,-0.6996869181293484,20.979296066252587
544,GA302,Tiny+Small_+5,23.972119761921704,0.8090185676392573,-0.3386458544151938,17.681159420289855
545,GA302,Tiny+Small_+6,22.14164826727492,0.7356020942408377,-0.14666275805248974,16.28985507246377
546,GA302,Large+Mature_+1,20.913375371921894,0.8372170624548133,-0.852356185539161,15.583850931677018
547,GA302,Large+Mature_+2,25.65830979007861,1.0856230383789438,-1.807210726908255,20.40993788819876
548,GA302,Large+Mature_+3,23.901221971115014,1.0291610100461581,-1.451622202904571,19.61904761904762
549,GA302,Large+Mature_+4,23.087282786024886,0.9947857872386175,-1.2739895847123068,19.157349896480333
550,GA302,Large+Mature_+5,20.508469189303547,0.7974622291521051,-0.795285067735374,15.354037267080747
551,GA302,Large+Mature_+6,16.219476827919838,0.6267850250868391,-0.3131498438427682,11.768115942028986
552,SP320,Tiny+Small_+1,26.908119127876628,0.5948275862068966,-0.6052168942851452,20.484375
553,SP320,Tiny+Small_+2,29.464756489745508,0.613049388309923,-0.9283344946979413,21.140625
554,SP320,Tiny+Small_+3,33.209091375706144,0.7123042505592841,-1.4386882013812894,24.875
555,SP320,Tiny+Small_+4,33.70830758136635,0.7205298013245033,-1.5291067798350948,25.5
556,SP320,Tiny+Small_+5,30.520228947371937,0.670567837017772,-0.9847281387087428,24.171875
557,SP320,Tiny+Small_+6,25.77183540223707,0.5641025641025641,-0.4053276690001735,20.625
558,SP320,Large+Mature_+1,34.28597056782523,0.5032876406998774,-0.26941046832698334,23.520833333333336
559,SP320,Large+Mature_+2,43.613616789306114,0.6196015078082929,-0.8675696172762679,29.963541666666668
560,SP320,Large+Mature_+3,46.874518516045704,0.6611076148521082,-1.0306248586681135,32.828125
561,SP320,Large+Mature_+4,47.940193499586314,0.6422311578513248,-1.0509837979003613,32.44270833333333
562,SP320,Large+Mature_+5,43.32972741407195,0.6038469408635153,-0.6687268506574764,30.73958333333333
563,SP320,Large+Mature_+6,32.58964666031905,0.4410052099295127,0.055284161877159566,22.484375
564,MA314,Tiny+Small_+1,29.95300552002319,0.5115281501340483,-0.7370197932649778,22.714285714285715
565,MA314,Tiny+Small_+2,36.7446141178087,0.6753898548126904,-1.6135960547406443,29.904761904761905
566,MA314,Tiny+Small_+3,33.520308935197946,0.5892566467715681,-1.1764457845878145,25.857142857142858
567,MA314,Tiny+Small_+4,33.765178832449585,0.5981242258007432,-0.9193995448166419,26.825396825396826
568,MA314,Tiny+Small_+5,29.336715173019236,0.4995608642192166,-0.4226191975981297,22.571428571428573
569,MA314,Tiny+Small_+6,26.705774894176216,0.4773807428269671,-0.17736475069506996,21.523809523809526
570,MA314,Large+Mature_+1,32.037180780788944,0.6149019607843137,-0.9792643251941513,24.88888888888889
571,MA314,Large+Mature_+2,34.69435707284994,0.6696428571428571,-1.3237262859711003,27.38095238095238
572,MA314,Large+Mature_+3,29.08089428986689,0.5424836601307189,-0.6265984543186616,22.396825396825395
573,MA314,Large+Mature_+4,31.34700816082646,0.5859284890426759,-0.8899792397201722,24.19047619047619
574,MA314,Large+Mature_+5,28.83945709811968,0.5412950756107018,-0.601614095828813,22.158730158730158
575,MA314,Large+Mature_+6,28.72999649169311,0.5593351372245845,-0.5733208148838282,22.96825396825397
576,MA315,Tiny+Small_+1,41.91194473072218,0.7380741266181947,-0.8857253325482441,33.03174603174603
577,MA315,Tiny+Small_+2,44.92383324751789,0.7499553172475425,-1.1462466796646567,33.301587301587304
578,MA315,Tiny+Small_+3,45.48791920555164,0.7368234250221828,-1.2147856447741385,32.95238095238095
579,MA315,Tiny+Small_+4,43.654578479493104,0.7549207455147187,-1.0385431437926989,34.3968253968254
580,MA315,Tiny+Small_+5,36.665043254105086,0.5933875714038428,-0.4528556147082492,27.206349206349206
581,MA315,Tiny+Small_+6,42.136870707444245,0.7298741596276505,-0.9219782157406156,33.6031746031746
582,MA315,Large+Mature_+1,33.7702320310147,0.5185300529430084,-0.31093462821487905,26.428571428571427
583,MA315,Large+Mature_+2,41.82825808712544,0.6304280874653526,-1.030537710497767,32.492063492063494
584,MA315,Large+Mature_+3,39.56329066513513,0.6230558096980787,-0.8356185147561734,32.42857142857143
585,MA315,Large+Mature_+4,41.144152316474695,0.6309487258213079,-0.9613511861426269,32.61904761904762
586,MA315,Large+Mature_+5,34.73870719784745,0.5359336609336609,-0.39782107240289655,27.6984126984127
587,MA315,Large+Mature_+6,38.28153850717327,0.5813325330132053,-0.5878073668682018,30.746031746031747
588,MA316,Tiny+Small_+1,36.3667386844034,0.655133508837909,-1.09040434491377,27.650793650793652
589,MA316,Tiny+Small_+2,38.49778389828907,0.7146042363433668,-1.410142853982137,30.523809523809526
590,MA316,Tiny+Small_+3,38.39394793577808,0.736998514115899,-1.3938498752888648,31.49206349206349
591,MA316,Tiny+Small_+4,41.585444645322795,0.7452183327318658,-1.2632176805519473,32.77777777777778
592,MA316,Tiny+Small_+5,35.384060621016154,0.6505165657285358,-0.5869689626496652,28.984126984126984
593,MA316,Tiny+Small_+6,36.75249694573189,0.650392017106201,-0.7117431257104176,28.96825396825397
594,MA316,Large+Mature_+1,31.735639171927726,0.5867105533840774,-0.9605208788788875,22.634920634920636
595,MA316,Large+Mature_+2,35.69791688378007,0.7011379516869635,-1.3131498052770807,27.873015873015873
596,MA316,Large+Mature_+3,32.32977398180021,0.6262238433480515,-0.6972175929117443,25.88888888888889
597,MA316,Large+Mature_+4,35.75966957696853,0.6497423172361138,-1.1007401303025035,27.015873015873016
598,MA316,Large+Mature_+5,31.5575815356778,0.5957283047912257,-0.656145951459709,24.571428571428573
599,MA316,Large+Mature_+6,29.15952293467398,0.5247278976513271,-0.3796368652106308,21.80952380952381
600,MA317,Tiny+Small_+1,51.644004246409615,0.750447081775321,-0.7888368084526618,36.63492063492063
601,MA317,Tiny+Small_+2,58.18395840670361,0.8911816862808318,-1.27565244732369,43.87301587301587
602,MA317,Tiny+Small_+3,43.47184821584639,0.71206038220652,-0.26848397712149197,35.19047619047619
603,MA317,Tiny+Small_+4,51.91560611926012,0.8251479763237882,-0.8084222883200687,40.93650793650794
604,MA317,Tiny+Small_+5,51.52800132583177,0.7872852785358806,-0.7719604241682516,38.92063492063492
605,MA317,Tiny+Small_+6,34.343849522148794,0.4974947470502667,0.21589517857243046,24.428571428571427
606,MA317,Large+Mature_+1,52.05865129450795,0.6615146831530139,-0.7847801210489291,37.36507936507937
607,MA317,Large+Mature_+2,64.47018506181568,0.8549810844892812,-1.751393916377776,48.42857142857143
608,MA317,Large+Mature_+3,53.929775031244425,0.7548124209638892,-0.9157856644200673,42.63492063492063
609,MA317,Large+Mature_+4,55.83415066921302,0.7193899166784352,-1.0409220494022433,40.42857142857143
610,MA317,Large+Mature_+5,54.362758611107324,0.6851984525003583,-0.952791945315409,37.95238095238095
611,MA317,Large+Mature_+6,41.462643350982745,0.5646346735840899,-0.13729188964985473,31.095238095238095
612,MA318,Tiny+Small_+1,60.16828252677836,0.6473724295506473,-0.07487914899346926,40.476190476190474
613,MA318,Tiny+Small_+2,74.65465464602633,0.8324365872405841,-0.6434857907054499,51.57142857142857
614,MA318,Tiny+Small_+3,74.46806069377706,0.8550225284919163,-0.7504865719502953,51.20634920634921
615,MA318,Tiny+Small_+4,75.09855957868733,0.9227260531258384,-0.8400306612303947,54.58730158730159
616,MA318,Tiny+Small_+5,67.4572174824621,0.850568489442339,-0.5086626286062543,49.87301587301587
617,MA318,Tiny+Small_+6,67.4974426323306,0.8256227758007118,-0.5445824002000863,47.87301587301587
618,MA318,Large+Mature_+1,33.15009157496509,0.6114499311430258,-0.09413672671902451,24.666666666666668
619,MA318,Large+Mature_+2,42.753353159129006,0.774617067833698,-0.8310294031722767,30.904761904761905
620,MA318,Large+Mature_+3,45.128652074876314,0.8203775116703876,-1.1158356556515083,32.07936507936508
621,MA318,Large+Mature_+4,45.5365717317341,0.8803788346716079,-1.220055182828017,33.93650793650794
622,MA318,Large+Mature_+5,38.85453130813192,0.7619448537150074,-0.7567384683133045,28.73015873015873
623,MA318,Large+Mature_+6,36.39389884329341,0.6676464413184967,-0.5364263891651178,25.238095238095237
624,FR307,Tiny+Small_+1,58.611040754798545,1.0909440492213036,-1.1900734485956628,46.50819672131148
625,FR307,Tiny+Small_+2,63.11419522852416,1.1558920597942146,-1.510765271431703,48.80327868852459
626,FR307,Tiny+Small_+3,55.02689357390114,0.9633507853403142,-0.9127822754041284,40.721311475409834
627,FR307,Tiny+Small_+4,63.918300824786236,1.1480130543290459,-1.6139249103449322,49.01639344262295
628,FR307,Tiny+Small_+5,60.74530272604367,1.0473232230951945,-1.1674677451970412,46.98360655737705
629,FR307,Tiny+Small_+6,37.65274901247877,0.5321484579194982,0.2693298169450359,25.0327868852459
630,FR307,Large+Mature_+1,36.05187519281116,1.0075625363583478,-0.9858226035198769,28.39344262295082
631,FR307,Large+Mature_+2,42.04213343309967,1.1489124372559956,-1.5927894103186162,33.77049180327869
632,FR307,Large+Mature_+3,40.08842684881903,0.9741424802110817,-1.0570007037888334,30.262295081967213
633,FR307,Large+Mature_+4,43.37333168710175,1.0537525354969575,-1.0125060805426083,34.0655737704918
634,FR307,Large+Mature_+5,35.29849297855897,0.8280612244897959,-0.33842368542299606,26.60655737704918
635,FR307,Large+Mature_+6,27.29438782162694,0.610275038920602,0.20926737933135475,19.278688524590162
636,DA322,Tiny+Small_+1,30.122820836615336,0.9316420014094433,-0.6435831693034764,21.672131147540984
637,DA322,Tiny+Small_+2,34.96886463162298,1.1021693491952413,-1.1728089319376216,25.81967213114754
638,DA322,Tiny+Small_+3,34.46217006742204,1.0980257116620753,-1.005788016705976,26.136612021857925
639,DA322,Tiny+Small_+4,35.402782556607825,1.07968496641186,-1.1088853830404584,25.469945355191253
640,DA322,Tiny+Small_+5,33.10707362824243,0.9636617749825297,-0.8438230270680052,22.60655737704918
641,DA322,Tiny+Small_+6,29.726653909264087,0.8435517970401691,-0.5183105229506697,19.62295081967213
642,DA322,Large+Mature_+1,30.872763150611156,0.8634645319101623,-0.40800087904975824,21.218579234972676
643,DA322,Large+Mature_+2,37.83732315689651,1.0733512786002692,-1.1149577585991657,26.147540983606557
644,DA322,Large+Mature_+3,33.90321593893154,1.0518417462482947,-0.6960533484997584,25.278688524590162
645,DA322,Large+Mature_+4,34.984409746610865,1.0565052231718899,-0.8998410413640092,24.31693989071038
646,DA322,Large+Mature_+5,31.892179466306644,0.970210580380072,-1.0392712896249678,20.644808743169403
647,DA322,Large+Mature_+6,26.97462208806958,0.91045197740113,-1.5000260594553656,17.6120218579235
648,AG318,Tiny+Small_+1,23.817096765992613,0.9130230371415139,-0.40960036382772436,15.918032786885245
649,AG318,Tiny+Small_+2,32.95438974216771,1.317735142723444,-1.7140914656384267,23.081967213114755
650,AG318,Tiny+Small_+3,31.949114254378703,1.351427234440805,-1.5510300647396345,23.672131147540984
651,AG318,Tiny+Small_+4,29.476442386042876,1.1744562702452568,-1.1921659792339492,20.80327868852459
652,AG318,Tiny+Small_+5,27.718875618858902,1.0535959688502061,-0.91467574163269,18.852459016393443
653,AG318,Tiny+Small_+6,26.946972821864332,0.9694203560018256,-0.776388125524311,17.40983606557377
654,AG318,Large+Mature_+1,27.94139065034899,0.8292682926829268,-0.8546515135506281,20.065573770491802
655,AG318,Large+Mature_+2,32.98136582683135,1.0046666666666666,-1.576328687986949,24.704918032786885
656,AG318,Large+Mature_+3,32.70697023020237,1.0179948586118253,-1.3220799244431753,25.9672131147541
657,AG318,Large+Mature_+4,35.72756661729767,0.9854545454545455,-1.079181478109998,26.65573770491803
658,AG318,Large+Mature_+5,32.18720853759491,0.8098086124401914,-0.569906870928772,22.19672131147541
659,AG318,Large+Mature_+6,25.8371317496579,0.6579111944965603,-0.22311990039670437,17.24590163934426
660,SP310,Tiny+Small_+1,15.089894566655754,0.9315789473684211,-0.9081904744745826,11.60655737704918
661,SP310,Tiny+Small_+2,16.902323053064745,1.0567741935483872,-1.4248998603976384,13.426229508196721
662,SP310,Tiny+Small_+3,15.627319499968584,0.9322250639386189,-1.1067692635835038,11.950819672131148
663,SP310,Tiny+Small_+4,16.78309063157144,0.9912609238451935,-1.4761668509435921,13.01639344262295
664,SP310,Tiny+Small_+5,16.033775825210814,0.9434889434889435,-1.292096763372533,12.59016393442623
665,SP310,Tiny+Small_+6,12.748513253079137,0.7466666666666667,-0.4258156389545107,10.098360655737705
666,SP310,Large+Mature_+1,14.756771160452656,0.7758328627893846,-0.9148812731002276,11.262295081967213
667,SP310,Large+Mature_+2,17.456972865859196,0.9283731260410882,-1.716649776838655,13.704918032786885
668,SP310,Large+Mature_+3,15.777396157420803,0.8286808976464148,-1.2478195346399135,12.40983606557377
669,SP310,Large+Mature_+4,16.353923678192068,0.871199557766722,-1.4852833571826358,12.918032786885245
670,SP310,Large+Mature_+5,15.907261977051782,0.7973640856672158,-1.2922019431846121,11.901639344262295
671,SP310,Large+Mature_+6,11.076855208563277,0.6303982052720135,-0.2833071924084505,9.21311475409836
672,GA308,Tiny+Small_+1,51.27931158479187,0.5482754505310896,-0.8632787528290826,38.932203389830505
673,GA308,Tiny+Small_+2,52.88578995969538,0.564794183182831,-0.9700717436786572,40.813559322033896
674,GA308,Tiny+Small_+3,56.34240056737834,0.6026108432318006,-1.2314366698548707,43.42372881355932
675,GA308,Tiny+Small_+4,50.20188057791582,0.5550182804576012,-0.7495611846195496,39.88135593220339
676,GA308,Tiny+Small_+5,49.60821077474158,0.512284001410603,-0.736443782252427,36.932203389830505
677,GA308,Tiny+Small_+6,48.257694565175434,0.5102451735165225,-0.6210733706044651,36.50847457627118
678,GA308,Large+Mature_+1,16.341949762311053,0.45883568722011714,-0.07811281389945379,11.288135593220339
679,GA308,Large+Mature_+2,21.150990680808807,0.6329989622967831,-0.7890331107872708,15.508474576271187
680,GA308,Large+Mature_+3,21.93885957204781,0.6158642189123658,-0.9188236149691955,15.067796610169491
681,GA308,Large+Mature_+4,20.123980129964014,0.5614035087719298,-0.6311320771090525,13.830508474576272
682,GA308,Large+Mature_+5,19.00423681575118,0.5496489468405216,-0.3907919329296592,13.932203389830509
683,GA308,Large+Mature_+6,21.103658611237556,0.5517462351810317,-0.38960374274583076,14.59322033898305
684,AG304,Tiny+Small_+1,30.162348074699196,0.9394285714285714,-0.5654797779550189,21.25862068965517
685,AG304,Tiny+Small_+2,37.44985152587851,1.2058492688413949,-1.441659916236444,27.724137931034484
686,AG304,Tiny+Small_+3,33.85071180426155,1.0564663023679417,-1.0034700850369638,25.0
687,AG304,Tiny+Small_+4,37.25089677235741,1.142133815551537,-1.4390340756570636,27.224137931034484
688,AG304,Tiny+Small_+5,33.63687939111495,1.0142595978062157,-0.9651343001541812,23.913793103448278
689,AG304,Tiny+Small_+6,26.27293743339923,0.8140703517587939,-0.2785596582004619,18.155172413793103
690,AG304,Large+Mature_+1,25.40414709560572,0.73822851498189,-0.5505782367159289,19.32758620689655
691,AG304,Large+Mature_+2,32.66193080847994,0.9448613376835236,-1.588035660552988,24.96551724137931
692,AG304,Large+Mature_+3,31.597004441167716,0.9824793388429752,-1.3811882583303459,25.620689655172413
693,AG304,Large+Mature_+4,33.29064795673569,1.0016874789065138,-1.641209857857039,25.586206896551722
694,AG304,Large+Mature_+5,28.019236003269192,0.8162035487110814,-0.78751551850198,21.017241379310345
695,AG304,Large+Mature_+6,23.382685902179844,0.6141885325558795,-0.027741499907592226,16.344827586206897
696,GA301,Tiny+Small_+1,49.597837196247326,0.7290346626910175,-0.5676451841952832,35.56363636363636
697,GA301,Tiny+Small_+2,56.859475903318,0.8378275731105204,-1.093453164622534,40.10909090909091
698,GA301,Tiny+Small_+3,55.844752337496885,0.9942062572421785,-1.003885473687609,46.8
699,GA301,Tiny+Small_+4,61.01087831466838,0.9731492136555427,-1.418474761877198,46.127272727272725
700,GA301,Tiny+Small_+5,55.22186655170708,0.8901914810472841,-1.0250117911287027,41.41818181818182
701,GA301,Tiny+Small_+6,44.90940375305093,0.6610633307271305,-0.3395646700531687,30.745454545454546
702,GA301,Large+Mature_+1,57.23015733938628,0.8749502190362406,-1.0042738535322662,39.945454545454545
703,GA301,Large+Mature_+2,66.56876144258656,1.1085055643879174,-1.723923860908834,50.70909090909091
704,GA301,Large+Mature_+3,56.496178470921215,0.9822625147812377,-0.9904054838528797,45.30909090909091
705,GA301,Large+Mature_+4,58.51502440235397,0.9404652385333158,-1.1344736473093922,43.36969696969697
706,GA301,Large+Mature_+5,55.24423275352145,0.9717490652264229,-1.1580998328244436,42.527272727272724
707,GA301,Large+Mature_+6,49.70657335145357,0.9440937781785392,-1.656834673257789,38.07272727272727
708,MA411,Tiny+Small_+1,19.625899366039913,0.625694187338023,-0.7905527420291429,15.648148148148149
709,MA411,Tiny+Small_+2,23.73132794274113,0.7690069116042197,-1.546784864797802,19.574074074074073
710,MA411,Tiny+Small_+3,24.822145130687012,0.8132337246531484,-1.6131759023212133,21.166666666666668
711,MA411,Tiny+Small_+4,23.24885500963992,0.7167188043100452,-1.2786341856932348,19.09259259259259
712,MA411,Tiny+Small_+5,20.678536018099827,0.6452738053714684,-0.7748087406220718,17.12962962962963
713,MA411,Tiny+Small_+6,20.99801577927464,0.6379607302790217,-0.7939015359350481,17.14814814814815
714,MA411,Large+Mature_+1,27.48332827976505,0.6216072378924961,-0.3777514501234476,21.62962962962963
715,MA411,Large+Mature_+2,39.50011720563952,0.956567242281528,-1.955157396311344,33.851851851851855
716,MA411,Large+Mature_+3,41.44340183377272,0.9911962713619886,-2.3257469562301414,35.44444444444444
717,MA411,Large+Mature_+4,37.47270611663513,0.8824136152656008,-1.7001477786709418,31.685185185185187
718,MA411,Large+Mature_+5,29.638875872120437,0.6686077289571202,-0.8087098598630054,23.38888888888889
719,MA411,Large+Mature_+6,27.013371174702023,0.5070057083549558,-0.2778211817805676,18.09259259259259
720,MA408,Tiny+Small_+1,42.62735698804241,0.7710276447357366,-0.41684414635240397,28.32098765432099
721,MA408,Tiny+Small_+2,53.9655716342438,0.990382359840488,-0.9687334768232592,39.092592592592595
722,MA408,Tiny+Small_+3,58.10547207254806,1.0442796133962688,-1.214484863401926,43.01851851851852
723,MA408,Tiny+Small_+4,58.4721012579025,1.0636504768241295,-1.273119720023482,44.407407407407405
724,MA408,Tiny+Small_+5,50.680847999115656,0.8678579307302009,-0.7239344344929273,36.42592592592593
725,MA408,Tiny+Small_+6,41.48105571871447,0.675317058866652,-0.1571917666246665,28.4320987654321
726,MA408,Large+Mature_+1,33.06310215753862,0.537219377707759,0.10628258379792321,25.25925925925926
727,MA408,Large+Mature_+2,47.24452632305368,0.8250229027614188,-0.8422485889426767,38.91358024691358
728,MA408,Large+Mature_+3,50.329245194128426,0.9095933675483616,-1.056318838489727,42.666666666666664
729,MA408,Large+Mature_+4,50.66741796064167,0.8876182965299685,-1.0878938760392178,41.68518518518518
730,MA408,Large+Mature_+5,43.052747817650456,0.7030254777070064,-0.5077662969492738,32.7037037037037
731,MA408,Large+Mature_+6,31.97600695171509,0.4912420382165605,0.16827311477604934,22.85185185185185
732,MA409,Tiny+Small_+1,33.660753055989346,0.7723599888548343,-0.7056645190316784,25.666666666666668
733,MA409,Tiny+Small_+2,39.116753065283554,0.8884807137234322,-0.871969746950408,31.35185185185185
734,MA409,Tiny+Small_+3,43.784721671512905,0.957345971563981,-1.1149055360852582,35.53703703703704
735,MA409,Tiny+Small_+4,40.91805270338554,0.8189633996561041,-0.8585900461247893,30.87037037037037
736,MA409,Tiny+Small_+5,39.71274168137793,0.7833128834355828,-0.7552841063877596,29.555555555555557
737,MA409,Tiny+Small_+6,35.751327351685944,0.7049060288015622,-0.4214904148929932,26.74074074074074
738,MA409,Large+Mature_+1,26.647388865202785,0.5403083143795805,0.04822146814590644,19.796296296296298
739,MA409,Large+Mature_+2,38.35349711226788,0.8287620459599704,-1.0332525252956173,31.055555555555557
740,MA409,Large+Mature_+3,38.04833670380252,0.8447387785136129,-1.0166843485074697,31.88888888888889
741,MA409,Large+Mature_+4,38.128802178347485,0.7778053009660639,-1.028226931641365,29.074074074074073
742,MA409,Large+Mature_+5,37.5587194591004,0.7683814303638645,-1.0531544622418494,28.35185185185185
743,MA409,Large+Mature_+6,35.41565358028168,0.7284427284427284,-0.9437536246614495,26.203703703703702
744,MA410,Tiny+Small_+1,19.35439465838683,0.8662131519274376,-0.3743715178692757,14.148148148148149
745,MA410,Tiny+Small_+2,29.861098191211674,1.1386934673366833,-1.005355524620065,20.98148148148148
746,MA410,Tiny+Small_+3,32.66780043383982,1.212627669452182,-1.0764726724598694,24.185185185185187
747,MA410,Tiny+Small_+4,30.661835368225237,1.0971843778383288,-0.8457846802683167,22.37037037037037
748,MA410,Tiny+Small_+5,27.486023384285357,0.9122171945701357,-0.4899151019513768,18.666666666666668
749,MA410,Tiny+Small_+6,25.872550877114705,0.9168157423971377,-0.30658453843702915,18.98148148148148
750,MA410,Large+Mature_+1,23.825756371344575,0.7798507462686567,-0.38462696654777595,15.481481481481481
751,MA410,Large+Mature_+2,29.056458452085618,0.9853881278538813,-1.0966359824939258,19.98148148148148
752,MA410,Large+Mature_+3,29.249248170141374,1.0358785648574058,-1.104108452138064,20.85185185185185
753,MA410,Large+Mature_+4,28.231844378946217,1.0149812734082397,-0.9689530025313369,20.074074074074073
754,MA410,Large+Mature_+5,28.61364605814402,0.918531781557744,-0.5328158134822674,19.0
755,MA410,Large+Mature_+6,27.841482506291726,0.8456735057983943,-0.43477706141149897,17.555555555555557
756,MA405,Tiny+Small_+1,31.566948256399797,0.6114963095504361,-0.48163333830914223,25.314814814814813
757,MA405,Tiny+Small_+2,37.77013811641855,0.6660925726587729,-0.7026961565062764,28.64814814814815
758,MA405,Tiny+Small_+3,40.527654024637805,0.7211757400124198,-0.7160801843741493,32.25925925925926
759,MA405,Tiny+Small_+4,41.52542728390776,0.7213450891941767,-0.8350083046816867,32.574074074074076
760,MA405,Tiny+Small_+5,35.176407287123986,0.6032530368540251,-0.2963086610863439,27.12962962962963
761,MA405,Tiny+Small_+6,33.67202927587756,0.5444788441692466,-0.1804051454126121,24.425925925925927
762,MA405,Large+Mature_+1,29.975452920310943,0.5719337016574586,-0.3371800356456205,23.962962962962962
763,MA405,Large+Mature_+2,40.929817981515626,0.8152054493517908,-1.5302912524051542,34.351851851851855
764,MA405,Large+Mature_+3,42.32644300880689,0.7811879001987193,-1.6544048333272152,32.75925925925926
765,MA405,Large+Mature_+4,38.83690970656079,0.7794413407821229,-1.1605509572721724,32.2962962962963
766,MA405,Large+Mature_+5,33.62772775663075,0.6470191226096738,-0.6175207216019105,26.62962962962963
767,MA405,Large+Mature_+6,32.452101455666764,0.608794714057872,-0.4955343299413013,24.74074074074074
768,MA401,Tiny+Small_+1,46.70752179887724,0.5914972273567468,-0.1643516993265952,35.55555555555556
769,MA401,Tiny+Small_+2,52.156459775336515,0.6580683863227355,-0.4879104685903273,40.629629629629626
770,MA401,Tiny+Small_+3,56.70782818780647,0.6885531667635096,-0.7773570829624663,43.888888888888886
771,MA401,Tiny+Small_+4,55.58077205493121,0.6578569376615915,-0.7444577053576564,42.407407407407405
772,MA401,Tiny+Small_+5,51.765675743538644,0.6132834962622197,-0.5073380365698115,39.5
773,MA401,Tiny+Small_+6,48.224206308389086,0.5610795454545454,-0.33002333149233687,36.574074074074076
774,MA401,Large+Mature_+1,31.344265232462586,0.4329188481675393,-0.19416021274999373,24.5
775,MA401,Large+Mature_+2,40.01203522645359,0.5819354838709677,-1.0688712608021267,33.407407407407405
776,MA401,Large+Mature_+3,35.57126389116382,0.5148291424887169,-0.6403729193341872,29.574074074074073
777,MA401,Large+Mature_+4,35.96062661671327,0.5328820116054158,-0.6764804737516008,30.61111111111111
778,MA401,Large+Mature_+5,39.64611979519326,0.5422193464898091,-1.0346692816527332,31.037037037037038
779,MA401,Large+Mature_+6,38.53641856160943,0.5390370852309694,-0.9340529869944261,30.685185185185187
780,MA402,Tiny+Small_+1,34.561941174907666,0.7180061607392887,-0.7221855595940065,23.74074074074074
781,MA402,Tiny+Small_+2,42.612921879532166,0.9906858594411516,-1.5852503732281957,32.5
782,MA402,Tiny+Small_+3,45.50325588676371,1.0823596466229695,-1.8955505650200815,35.166666666666664
783,MA402,Tiny+Small_+4,40.46889523425963,0.9824561403508771,-1.259678289947865,31.62962962962963
784,MA402,Tiny+Small_+5,34.83094090667728,0.762402088772846,-0.6835254777376965,24.333333333333332
785,MA402,Tiny+Small_+6,24.330098719563463,0.567741935483871,-0.055691405406074646,17.11111111111111
786,MA402,Large+Mature_+1,19.44055516658887,0.5848452508004269,-0.40921187779257884,15.222222222222221
787,MA402,Large+Mature_+2,25.429459439937126,0.8007155635062612,-1.38236924485149,20.72222222222222
788,MA402,Large+Mature_+3,26.393216019497356,0.8607964925100475,-1.57542972356767,21.814814814814813
789,MA402,Large+Mature_+4,26.173035318391673,0.8248038849458349,-1.5424059193886137,20.444444444444443
790,MA402,Large+Mature_+5,20.83422220326007,0.6256139025311673,-0.6340699280295976,15.333333333333334
791,MA402,Large+Mature_+6,16.184411796082834,0.5081780144541651,0.01630248772878229,12.37037037037037
792,MA412,Tiny+Small_+1,56.8653098253976,0.5565152084115659,-0.5909404835134286,42.75
793,MA412,Tiny+Small_+2,67.49052640071905,0.7479002455097558,-1.6036600804680545,55.65384615384615
794,MA412,Tiny+Small_+3,65.46130683317965,0.7277260202073219,-1.5752238306906032,53.32692307692308
795,MA412,Tiny+Small_+4,67.43750668353856,0.7360426382411726,-1.737750424931559,53.11538461538461
796,MA412,Tiny+Small_+5,51.92681610467977,0.560183313114975,-0.5651623147091351,39.96153846153846
797,MA412,Tiny+Small_+6,36.40226641295841,0.42069060393451646,0.26773633739930425,29.403846153846153
798,MA412,Large+Mature_+1,51.94449700623512,0.5443441317047265,-0.47347230580945876,39.42307692307692
799,MA412,Large+Mature_+2,67.75904708257387,0.7314450563860477,-1.5612936727721056,53.63461538461539
800,MA412,Large+Mature_+3,73.22397148475355,0.7699346405228759,-2.0273024023733703,56.63461538461539
801,MA412,Large+Mature_+4,67.01434978363274,0.7528237457315472,-1.4847455691936675,55.11538461538461
802,MA412,Large+Mature_+5,50.82965518429027,0.5563157894736842,-0.4219385030220928,40.65384615384615
803,MA412,Large+Mature_+6,35.14201955581862,0.3627296587926509,0.32044610391671813,26.576923076923077
804,MA413,Tiny+Small_+1,17.71597497262765,0.6200085873765565,-0.5104345988275731,13.884615384615385
805,MA413,Tiny+Small_+2,19.16853391127481,0.671483212919677,-0.7742233159027991,15.192307692307692
806,MA413,Tiny+Small_+3,17.00084839511976,0.5478079331941544,-0.43668893912536744,12.615384615384615
807,MA413,Tiny+Small_+4,18.24117278618304,0.6214549938347719,-0.7274570010123056,14.538461538461538
808,MA413,Tiny+Small_+5,17.900633852120777,0.5976641159887233,-0.7249969265808698,14.26923076923077
809,MA413,Tiny+Small_+6,18.568739238921875,0.5936367297623842,-0.8561639847040783,14.173076923076923
810,MA413,Large+Mature_+1,18.122977340721576,0.5558845299777943,-0.4658851763882541,14.442307692307692
811,MA413,Large+Mature_+2,21.3235153690077,0.6364942528735632,-0.9721031695111,17.03846153846154
812,MA413,Large+Mature_+3,18.307732708423426,0.5010660980810234,-0.4625537580183159,13.557692307692308
813,MA413,Large+Mature_+4,21.877280100949125,0.690406976744186,-1.032847861873107,18.26923076923077
814,MA413,Large+Mature_+5,20.672352402330844,0.6528189910979229,-0.8559020416554239,16.923076923076923
815,MA413,Large+Mature_+6,17.948108964027806,0.5242356450410142,-0.4099369531964485,13.51923076923077
